dataset_id,dataset_name,source_type,source_ref,access_status,spatial_extent,temporal_extent,geometry_type,crs,license,lineage,quality_status,synthetic_status,used_by,claim_boundary
chongqing_central_buildings_2021,Chongqing central building footprints and floors,restricted_local,/Users/zhouning/Downloads/规划院提供数据样例及Demo系统功能演示建议.zip,available,Chongqing central urban area,2021,polygon,EPSG:4490,restricted_sample,planning institute zip audited 2026-07-05 as 447MB compressed with 600 entries and 533 files;building shapefile record count estimated from shx as 107452,usable,real,renderer;urban_form;baseline,bounded_support
chongqing_dem_80m,Chongqing ASTER GDEM 80m,planning_sample,/Users/zhouning/Downloads/规划院提供数据样例及Demo系统功能演示建议.zip,available,Chongqing municipality,2020,raster,EPSG:4490,source_terms_pending,planning institute zip re-audited 2026-07-05 with rasterio;GeoTIFF dimensions 1766x1454 equals 2567764 pixels;bounds 105.28983805 28.1652688656 110.1953936095 32.2041577577,usable,real,renderer;heat_exposure,bounded_support
chongqing_clcd_2020,Chongqing CLCD 2020,planning_sample,/Users/zhouning/Downloads/规划院提供数据样例及Demo系统功能演示建议.zip,available,Chongqing municipality,2020,raster,EPSG:4326,source_terms_pending,planning institute zip re-audited 2026-07-05 with rasterio;GeoTIFF dimensions 18579x15082 equals 280208478 pixels;CLCD classification dictionary also found with 9 classes,usable,real,renderer;remote_sensing_state;baseline,bounded_support
chongqing_osm_roads_2021,Chongqing OSM roads 2021,planning_sample,/Users/zhouning/Downloads/规划院提供数据样例及Demo系统功能演示建议.zip,available,Chongqing central urban area,2021,line,EPSG:4326,OSM_terms_if_source_verified,planning institute zip re-audited 2026-07-05 with pyogrio;OSM_roads shapefile has 50366 LineString features;fields osm_id code fclass name ref oneway maxspeed layer bridge tunnel,usable,real,renderer;mobility_activity;graph,bounded_support
gaode_poi_2024,Gaode POI 2024,restricted_local,/Users/zhouning/Downloads/规划院提供数据样例及Demo系统功能演示建议.zip,available,Chongqing,2024,point,EPSG:4490,restricted_sample,planning institute zip re-audited 2026-07-05 with pyogrio;FileGDB layer 高德地图POI数据2024年 has 1194351 Point features;top first type families include shopping 304133 address-name 186798 catering 186076 life-service 143925 and medical 45068,usable_profiled,real,service_accessibility;baseline,bounded_support
baidu_aoi_2024,Baidu AOI 2024,restricted_local,/Users/zhouning/Downloads/规划院提供数据样例及Demo系统功能演示建议.zip,available,Chongqing,2024,polygon,EPSG:4490,restricted_sample,planning institute zip re-audited 2026-07-05 with pyogrio;FileGDB layer 重庆市百度地图AOI数据_2024年 has 26292 MultiPolygon features;top first categories include real-estate 7464 government 5654 company 3811 education 3288 transport 1329 and medical 645,usable_profiled,real,service_accessibility;urban_form,bounded_support
paper6_chongqing_uhi,Paper6 Chongqing UHI analysis case,paper6,/Users/zhouning/paper6-spatial-causal-inference,available,Chongqing central urban area,analysis_sample,table;points,mixed,restricted_reproduction_boundary,Paper6 SCCA UHI case,usable,real,evidence_gate;heat_exposure,bounded_support
paper58_alphaearth_state,Paper58 AlphaEarth and GeoFM state prior,paper58,/Users/zhouning/paper58-geofm-world-model-rl,available,benchmark_regions,2020-2021,array;mixed,mixed,research_code,Paper58 bounded GeoFM prior,usable,public_proxy,remote_sensing_state;simulator,bounded_support
epa_greenbook_policy_structure,Paper6 EPA Green Book policy-structure benchmark,paper6,/Users/zhouning/.config/superpowers/worktrees/paper6-spatial-causal-inference/open-gis-parity-package-latest/data/raw/epa_airdata,available,United States counties,2005-2024,county_panel,EPSG:5070,public_EPA_Census,Paper6 EPA semi-synthetic benchmark,usable,semi_synthetic,uwm_air;evidence_gate,exploratory_only
era5_meteorology_chongqing,ERA5 meteorology for Chongqing through GEE,public,https://developers.google.com/earth-engine/datasets/catalog/ECMWF_ERA5_HOURLY;local_snapshot=data/uwm_public_proxy/chongqing_central/gee_era5_cams_2024_07_01_07/snapshot_manifest.json,available,Chongqing central point,2024-07-01_to_2024-07-07,point_timeseries_json,EPSG:4326,GEE_ECMWF_terms,sampled ECMWF/ERA5/HOURLY through locally authenticated GEE on 2026-07-05;168 hourly records;reanalysis point proxy not station holdout,gee_reanalysis_point_proxy_not_holdout,public_proxy,meteorology;uwm_heat;uwm_air;simulator_context;mmfe_alignment,bounded_support
openmeteo_weather_current_proxy,Open-Meteo current weather proxy for Chongqing,public,https://api.open-meteo.com/v1/forecast,api_reachable_2026-07-04,Chongqing point or grid sample,current;forecast,point;json,EPSG:4326,Open-Meteo_terms,keyless public API verified from local curl on 2026-07-04,live_proxy,public_proxy,meteorology;uwm_heat;live_environmental_proxy;simulator_smoke,bounded_support
cams_air_pollution_proxy,CAMS NRT air pollution proxy for Chongqing through GEE,public,https://developers.google.com/earth-engine/datasets/catalog/ECMWF_CAMS_NRT;local_snapshot=data/uwm_public_proxy/chongqing_central/gee_era5_cams_2024_07_01_07/snapshot_manifest.json,available,Chongqing central point,2024-07-01_to_2024-07-07,point_timeseries_json,EPSG:4326,GEE_ECMWF_CAMS_terms,sampled ECMWF/CAMS/NRT through locally authenticated GEE on 2026-07-05;574 records;model point proxy not station holdout,gee_model_point_proxy_not_holdout,public_proxy,air_pollution_exposure;uwm_air;simulator_context;mmfe_alignment;evidence_gate,bounded_support
openaq_air_quality_proxy,OpenAQ v3 station air quality proxy for Chongqing,public,https://openaq.org/;local_snapshot=data/uwm_public_proxy/chongqing_central/openaq_station_observations/snapshot_manifest.json,available,Chongqing central point with stations within 25km,2018-10-17T12:00:00Z_to_2021-08-09T11:00:00Z,station_timeseries_json,EPSG:4326,OpenAQ_terms,OpenAQ v3 downloaded locally on 2026-07-05 using runtime X-API-Key not persisted;15 locations;90 sensors;600 measurements;nearest station Shangqingsi about 486m;not aligned to 2024-07 scene,station_observation_available_not_scene_holdout,public_proxy,air_pollution_exposure;uwm_air;evidence_gate;mmfe_alignment;station_validation_context,bounded_support
openmeteo_air_quality_current_proxy,Open-Meteo current air-quality proxy for Chongqing,public,https://air-quality-api.open-meteo.com/v1/air-quality,api_reachable_2026-07-04,Chongqing point or grid sample,current;forecast,point;json,EPSG:4326,Open-Meteo_terms,keyless public API verified from local curl on 2026-07-04;modeled proxy not station holdout,live_proxy,public_proxy,air_pollution_exposure;uwm_air;live_environmental_proxy;simulator_smoke,bounded_support
openmeteo_weather_historical_point_proxy,Open-Meteo historical weather point proxy for Chongqing,public,https://archive-api.open-meteo.com/v1/archive;local_snapshot=data/uwm_public_proxy/chongqing_central/openmeteo_history_2024_07_01_07/snapshot_manifest.json,available,Chongqing central point,2024-07-01_to_2024-07-07,point_timeseries_json,EPSG:4326,Open-Meteo_terms,keyless public API downloaded locally on 2026-07-05;168 hourly humidity-pressure records and 7 daily temperature-precipitation-wind records;point proxy not ERA5 grid,point_history_proxy_not_holdout,public_proxy,meteorology;uwm_heat;simulator_context;mmfe_alignment,bounded_support
openmeteo_air_quality_historical_point_proxy,Open-Meteo historical air-quality point proxy for Chongqing,public,https://air-quality-api.open-meteo.com/v1/air-quality;local_snapshot=data/uwm_public_proxy/chongqing_central/openmeteo_history_2024_07_01_07/snapshot_manifest.json,available,Chongqing central point,2024-07-01_to_2024-07-07,point_timeseries_json,EPSG:4326,Open-Meteo_terms,keyless public API downloaded locally on 2026-07-05;168 hourly PM10-PM25-CO-NO2-SO2-O3 records;modeled point proxy not station-calibrated holdout,point_history_proxy_not_holdout,public_proxy,air_pollution_exposure;uwm_air;simulator_context;mmfe_alignment,bounded_support
openmeteo_livability_admin_air_quality_proxy,Open-Meteo historical air-quality representative-point proxy for UWM livability candidate admin units,public,data/uwm_public_proxy/chongqing_central/openmeteo_livability_admin_air_quality_2024_07_01_07/openmeteo_livability_admin_air_quality_proxy.json,available,Chongqing central livability candidate township and street representative points,2024-07-01_to_2024-07-07,admin_representative_point_hourly_air_quality_panel,EPSG:4326,Open-Meteo_terms,keyless public API downloaded 36 of 36 admin livability candidate representative points with 6048 hourly air-quality records;PM25 avg 34.578 ugm3;public model proxy not station observation,public_model_proxy_not_station_observation,public_proxy,air_pollution_exposure;uwm_air;admin_environment_context;planner_targeting;state_dynamics_validation,bounded_support
chongqing_township_admin_units_local,Chongqing township and street administrative units from local xiangzhen shapefile,restricted_local,/Users/zhouning/Downloads/shp/xiangzhen.shp;derived_subset=data/uwm_public_proxy/chongqing_central/admin_units/chongqing_township_admin_units.geojson,available,Chongqing municipality,source_vintage_unverified;derived_2026-07-04,polygon;multipolygon,EPSG:4326,source_terms_unknown_restricted_local,user-provided local shp directory audited 2026-07-05 as 126 files and about 1.05GB;source xiangzhen.shp has 43655 records by shx count;Chongqing subset extracted to 1017 admin units across 38 counties;topology and modern county crosswalk pending,usable_requires_vintage_topology_check,real,administrative_units;governance_unit;township;mmfe_alignment;equity_evaluation;planner;renderer,fragile
worldpop_population_chongqing_proxy,WorldPop population proxy for Chongqing,public,https://www.worldpop.org/,planned_public_download,Chongqing central urban area,2021-2024,raster,EPSG:4326,WorldPop_terms,public population proxy planned,planned,public_proxy,population_vulnerability;equity;baseline,bounded_support
chongqing_district_population_stats_2021_local,Chongqing district population statistics from local planning sample,planning_sample,data/uwm_public_proxy/chongqing_central/chongqing_district_population_2021/snapshot_manifest.json;source_excel=.tmp/twm_standard_1128/自然资源一张图数据库标准1128/规划院提供数据样例及Demo系统功能演示建议/01数据样例/08重庆市各区县人口规模表格数据/重庆市各区县人口规模数据.xlsx,available,Chongqing municipality districts and counties,2021,district_population_table,tabular_admin_code,source_terms_pending_Statistical_Yearbook_2022,lineage from local planning sample Excel;row source field cites Chongqing Statistical Yearbook 2022;40 rows including city total and 39 district county rows;district resident population sum 3290.08 ten-thousand people;MMFE state input generated;district-level not township grid population,local_district_statistics_not_township_grid_or_policy_outcome,real,population_vulnerability;equity_evaluation;baseline_context;mmfe_alignment,fragile
ghsl_population_built_chongqing_proxy,GHSL population and built-up proxy for Chongqing,public,https://jeodpp.jrc.ec.europa.eu/ftp/jrc-opendata/GHSL/;local_snapshot=data/uwm_public_proxy/chongqing_central/ghsl/snapshot_manifest.json,raw_public_proxy_available,Chongqing municipality tile coverage,2020,raster,EPSG:4326,CC_BY_4_0,downloaded GHSL R2023A 2020 population and built-surface 4326 30ss tiles R6/R7 C29/C30;zip validated;not clipped or MMFE aligned,raw_tiles_downloaded_zip_validated,public_proxy,population_vulnerability;urban_form;remote_sensing_state;equity,bounded_support
ghsl_admin_zonal_proxy_alignment,GHSL population and built-surface aligned to Chongqing township admin units,public,data/uwm_public_proxy/chongqing_central/ghsl_admin_alignment/ghsl_admin_alignment_manifest.json,available,Chongqing municipality township admin units,2020,township_panel_csv,EPSG:4326,CC_BY_4_0_GHSL_plus_local_admin_terms_pending,downloaded GHSL R2023A 2020 population and built-surface tiles summed inside local township polygons using pixel-center inclusion,proxy_zonal_stats_available_pixel_center_not_fractional_area,public_proxy,population_vulnerability;urban_form;remote_sensing_state;equity_evaluation;renderer_alignment;mmfe_alignment,bounded_support
gee_era5_hourly_chongqing_proxy,GEE ERA5 hourly point proxy normalized for UWM,public,data/uwm_public_proxy/chongqing_central/gee_era5_cams_2024_07_01_07/gee_era5_cams_environmental_proxy.json,available,Chongqing central point,2024-07-01_to_2024-07-07,point_timeseries_json,EPSG:4326,GEE_ECMWF_terms,normalized GEE ERA5 proxy with 168 hourly records and mmfe_uwm_state_input_gee_era5_cams.json generated,gee_reanalysis_point_proxy_not_holdout,public_proxy,meteorology;uwm_heat;simulator_context;mmfe_alignment,bounded_support
gee_cams_nrt_chongqing_proxy,GEE CAMS NRT point proxy normalized for UWM,public,data/uwm_public_proxy/chongqing_central/gee_era5_cams_2024_07_01_07/gee_era5_cams_environmental_proxy.json,available,Chongqing central point,2024-07-01_to_2024-07-07,point_timeseries_json,EPSG:4326,GEE_ECMWF_CAMS_terms,normalized GEE CAMS proxy with 574 records and mmfe_uwm_state_input_gee_era5_cams.json generated,gee_model_point_proxy_not_holdout,public_proxy,air_pollution_exposure;uwm_air;simulator_context;mmfe_alignment,bounded_support
openaq_air_quality_station_observation_proxy,OpenAQ v3 station observation proxy normalized for UWM,public,data/uwm_public_proxy/chongqing_central/openaq_station_observations/openaq_station_observation_proxy.json,available,Chongqing central point with stations within 25km,2018-10-17T12:00:00Z_to_2021-08-09T11:00:00Z,station_timeseries_json,EPSG:4326,OpenAQ_terms,normalized OpenAQ station proxy with 15 locations 90 sensors 600 measurements and mmfe_uwm_state_input_openaq_station.json generated;not aligned to 2024 scene holdout,station_observation_available_not_scene_holdout,public_proxy,air_pollution_exposure;uwm_air;station_validation_context;mmfe_alignment,bounded_support
gee_admin_environment_chongqing_proxy,GEE ERA5 CAMS representative-point environment proxy for Chongqing admin units,public,data/uwm_public_proxy/chongqing_central/gee_admin_environment_2024_07_01_07/gee_admin_environment_proxy.json,available,Chongqing township and street representative points,2024-07-01_to_2024-07-07,admin_representative_point_panel,EPSG:4326,GEE_ECMWF_CAMS_terms,sampled 1017 of 1017 local township/street representative points through GEE;ERA5 weekly mean and precipitation sum plus CAMS PM25/AOD;not polygon zonal mean,representative_point_proxy_not_zonal_mean,public_proxy,meteorology;air_pollution_exposure;admin_environment_context;mmfe_alignment;planner_targeting,bounded_support
gee_livability_admin_zonal_environment_proxy,GEE ERA5 CAMS simplified-polygon zonal proxy for UWM livability candidate admin units,public,data/uwm_public_proxy/chongqing_central/gee_livability_admin_zonal_environment_2024_07_01_07/gee_livability_admin_zonal_environment_proxy.json,available,Chongqing central livability candidate township and street polygons,2024-07-01_to_2024-07-07,simplified_admin_polygon_zonal_panel,EPSG:4326,GEE_ECMWF_CAMS_terms,sampled 36 of 36 admin livability candidate polygons through GEE simplified polygon zonal mean;ERA5 temperature pressure wind precipitation plus CAMS PM25/AOD;model proxy not station holdout,gee_zonal_model_proxy_not_station_holdout,public_proxy,meteorology;air_pollution_exposure;admin_environment_context;planner_targeting;uwm_livability,bounded_support
admin_exposure_equity_panel_2024_07,Admin exposure-equity proxy panel from GHSL and GEE admin environment,public,data/uwm_public_proxy/chongqing_central/admin_exposure_equity_2024_07_01_07/uwm_admin_exposure_equity_panel.json,available,Chongqing township and street admin units,2024-07-01_to_2024-07-07,admin_panel_json_csv,EPSG:4326,CC_BY_4_0_GHSL_plus_GEE_ECMWF_CAMS_terms_plus_local_admin_terms_pending,joined 1017 GHSL admin rows with 1017 GEE admin representative-point environment rows;exports top 50 priority proxy units for planner testing;priority is not policy effect,proxy_targeting_panel_not_observed_outcome,public_proxy,population_vulnerability;air_pollution_exposure;heat_exposure;equity_evaluation;planner_targeting;uwm_livability,bounded_support
osm_services_chongqing_public_proxy,OSM public service POI substitute for Chongqing,public,https://www.openstreetmap.org/;local_snapshot=data/uwm_public_proxy/chongqing_central/osm_services_geometry_2026_07_05/snapshot_manifest.json,available,Chongqing central bbox 29.52 106.50 29.60 106.60,2026-07-05,point_sample_json,EPSG:4326,ODbL,downloaded 200 Overpass amenity nodes with coordinates on 2026-07-05;small bbox sample not complete POI extract,overpass_bbox_sample_not_complete_osm_extract,public_proxy,service_accessibility;baseline_context;planner_targeting;mmfe_alignment,bounded_support
osm_services_geometry_public_proxy,OSM service accessibility geometry proxy normalized for UWM,public,data/uwm_public_proxy/chongqing_central/osm_services_geometry_2026_07_05/osm_service_accessibility_proxy.json,available,Chongqing central bbox 29.52 106.50 29.60 106.60,2026-07-05,point_sample_json,EPSG:4326,ODbL,normalized 200 coordinate amenity nodes into 8 service categories and mmfe_uwm_state_input_osm_service_accessibility.json generated;not network travel-time surface,service_point_sample_not_accessibility_surface,public_proxy,service_accessibility;baseline_context;planner_targeting;mmfe_alignment,bounded_support
admin_service_accessibility_panel_2026_07_05,Admin service accessibility bbox panel from OSM and Chongqing admin units,public,data/uwm_public_proxy/chongqing_central/admin_service_accessibility_2026_07_05/uwm_admin_service_accessibility_panel.json,available,Chongqing central bbox intersecting township and street units,2026-07-05,admin_panel_json_csv,EPSG:4326,ODbL_plus_local_admin_terms_pending,assigned 200 coordinate OSM amenity nodes to 36 bbox-intersecting admin units;25 units have sample points and 11 units are sample gaps not true absence,admin_bbox_sample_not_complete_accessibility_surface,public_proxy,service_accessibility;equity_evaluation;planner_targeting;baseline_context,bounded_support
admin_livability_target_panel_2024_07,Composite admin livability target panel from exposure-equity and service samples,public,data/uwm_public_proxy/chongqing_central/admin_livability_target_2024_07_2026_07_05/uwm_admin_livability_target_panel.json,available,Chongqing central bbox intersecting township and street units,2024-07_and_2026-07-05,admin_panel_json_csv,EPSG:4326,GHSL_GEE_ECMWF_CAMS_OSM_ODbL_plus_local_admin_terms_pending,joined 36 admin service rows with exposure-equity panel;3 composite target candidates and top proxy units exported for planner benchmark;score is proxy not observed outcome,composite_proxy_target_not_observed_livability,public_proxy,service_accessibility;air_pollution_exposure;heat_exposure;population_vulnerability;equity_evaluation;planner_targeting;uwm_livability,bounded_support
osm_services_complete_bbox_public_proxy,OSM complete bbox service extract for Chongqing central livability area,public,data/uwm_public_proxy/chongqing_central/osm_complete_bbox_2026_07_05/service/snapshot_manifest.json,available,Chongqing central bbox 29.52 106.50 29.60 106.60,2026-07-05,node_way_relation_center_point_json,EPSG:4326,ODbL,downloaded complete Overpass amenity node-way-relation bbox query on 2026-07-05;786 amenity elements with coordinates or centers;163 essential services;not full municipality and not travel-time accessibility,overpass_complete_bbox_not_full_municipality_or_accessibility_surface,public_proxy,service_accessibility;baseline_context;planner_targeting;mmfe_alignment,bounded_support
osm_mobility_network_complete_bbox_public_proxy,OSM complete bbox highway topology extract for Chongqing central livability area,public,data/uwm_public_proxy/chongqing_central/osm_complete_bbox_2026_07_05/mobility/snapshot_manifest.json,available,Chongqing central bbox 29.52 106.50 29.60 106.60,2026-07-05,highway_way_node_graph_json,EPSG:4326,ODbL,downloaded complete Overpass highway way bbox query with child nodes on 2026-07-05;48820 elements;42058 coordinate nodes;6762 highway ways;45468 graph edges;57 connected components;not travel-time OD or traffic-flow data,overpass_highway_topology_not_travel_time_or_od,public_proxy,mobility_graph;mobility_activity;simulator_context;baseline_context;mmfe_alignment,bounded_support
admin_service_accessibility_complete_bbox_panel_2026_07_05,Admin service accessibility panel from complete OSM bbox service extract,public,data/uwm_public_proxy/chongqing_central/admin_service_accessibility_complete_bbox_2026_07_05/uwm_admin_service_accessibility_complete_bbox_panel.json,available,Chongqing central bbox intersecting township and street units,2026-07-05,admin_panel_json_csv,EPSG:4326,ODbL_plus_local_admin_terms_pending,assigned 786 OSM amenity node-way-relation center points to 36 bbox-intersecting admin units;34 units have service points and 2 units remain bbox extract gaps not true absence,admin_bbox_extract_not_full_accessibility_surface,public_proxy,service_accessibility;equity_evaluation;planner_targeting;baseline_context,bounded_support
admin_livability_target_complete_bbox_panel_2024_07,Composite admin livability target panel using complete OSM bbox service extract,public,data/uwm_public_proxy/chongqing_central/admin_livability_target_complete_bbox_2024_07_2026_07_05/uwm_admin_livability_target_complete_bbox_panel.json,available,Chongqing central bbox intersecting township and street units,2024-07_and_2026-07-05,admin_panel_json_csv,EPSG:4326,GHSL_GEE_ECMWF_CAMS_OSM_ODbL_plus_local_admin_terms_pending,joined 36 complete-bbox service rows with exposure-equity panel;2 composite target candidates;score is proxy not observed outcome,composite_proxy_target_not_observed_livability,public_proxy,service_accessibility;air_pollution_exposure;heat_exposure;population_vulnerability;equity_evaluation;planner_targeting;uwm_livability,bounded_support
openaq_observed_temporal_benchmark_2018_10,OpenAQ observed air-pollution temporal holdout benchmark,public,data/uwm_public_proxy/chongqing_central/openaq_temporal_benchmark_2018_10/uwm_openaq_observed_temporal_benchmark.json,available,Chongqing central nearest OpenAQ station sensors,2018-10-17_to_2018-10-23,station_timeseries_benchmark_json,EPSG:4326,OpenAQ_terms,600 observed hourly measurements across 6 pollutants split into train and holdout;dynamic persistence state update beats static_train_mean and static_last_train_observation baselines on all pollutants;ordered-vs-shuffled temporal control passes on all pollutants;not policy intervention outcome,observed_temporal_state_benchmark_not_policy_outcome,public_proxy,air_pollution_exposure;evidence_gate;state_dynamics_validation;uwm_air,bounded_support
openmeteo_weather_history_openaq_window_2018_10,Open-Meteo historical weather point proxy aligned to OpenAQ temporal benchmark window,public,data/uwm_public_proxy/chongqing_central/openmeteo_history_2018_10_17_23/snapshot_manifest.json,available,Chongqing central point,2018-10-17_to_2018-10-23,point_timeseries_json,EPSG:4326,Open-Meteo_terms,keyless public API downloaded locally on 2026-07-05;168 hourly weather records and 7 daily records;air-quality API returned all-null pollutant values for this period so this row is meteorology context only,point_history_proxy_not_holdout_air_quality_missing,public_proxy,meteorology;openaq_temporal_context;simulator_context;mmfe_alignment,bounded_support
uwm_model_based_graph_search_admin_livability_proxy,UWM Graph-MDP model-based graph search report from admin livability proxy panel,public,data/uwm_public_proxy/chongqing_central/model_based_rl_graph_search_2026_07_05/uwm_model_based_graph_search_admin_livability_proxy.json,available,Chongqing admin proxy target units,2026-07-05,graph_mdp_replay_json,EPSG:4326,GHSL_GEE_OSM_ODbL_plus_local_admin_terms_pending,derived from admin_livability_target_panel with 8 proxy admin units horizon 2 beam width 5 and 109 replay transitions;best known-effect graph search reward 0.025056312 vs static single-step 0.007987516;not observed policy outcome,known_effect_graph_mdp_proxy_not_policy_outcome,public_proxy,model_based_rl;planner_targeting;uwm_livability;evidence_gate;trajectory_dataset,bounded_support
chongqing_admin_spatial_adjacency_graph_2026_07_05,Chongqing township and street administrative boundary adjacency graph,restricted_local,data/uwm_public_proxy/chongqing_central/admin_spatial_graph_2026_07_05/uwm_admin_spatial_adjacency_graph.json,available,Chongqing municipality township and street admin units,derived_2026-07-05,admin_boundary_adjacency_graph,EPSG:4326,source_terms_unknown_restricted_local,derived from full local Chongqing township and street GeoJSON with 1017 nodes 2847 boundary adjacency edges and 0 isolated nodes;not a road or mobility graph,usable_topology_graph_requires_source_vintage_license_check,real,spatial_adjacency_graph;admin_spatial_graph;admin_boundary_adjacency;model_based_rl;planner_targeting;simulator;uwm_livability,fragile
uwm_model_based_graph_search_admin_livability_spatial_graph_proxy,UWM Graph-MDP model-based graph search report using admin spatial adjacency graph,planning_sample,data/uwm_public_proxy/chongqing_central/model_based_rl_graph_search_2026_07_05/uwm_model_based_graph_search_admin_livability_spatial_graph_proxy.json,available,Chongqing central bbox intersecting township and street candidate units,2026-07-05,graph_mdp_replay_json,EPSG:4326,GHSL_GEE_OSM_ODbL_plus_local_admin_terms_pending_plus_local_admin_terms_pending,derived from 36 admin livability candidate units induced from full 1017 node boundary graph;selected subgraph has 96 spatial edges and 355 replay transitions;best known-effect graph search reward 0.012346806 vs static single-step 0.001439757;not observed policy outcome,known_effect_spatial_graph_mdp_proxy_not_policy_outcome,public_proxy,model_based_rl;planner_targeting;uwm_livability;evidence_gate;trajectory_dataset,bounded_support
uwm_offline_value_model_admin_livability_spatial_graph_proxy,UWM offline graph value model trained on spatial Graph-MDP replay,planning_sample,data/uwm_public_proxy/chongqing_central/model_based_rl_graph_search_2026_07_05/uwm_offline_value_model_admin_livability_spatial_graph_proxy.json,available,Chongqing central bbox intersecting township and street candidate units,2026-07-05,offline_value_model_report_json,EPSG:4326,GHSL_GEE_OSM_ODbL_plus_local_admin_terms_pending_plus_local_admin_terms_pending,ridge value model trained on 355 simulator replay transitions from spatial Graph-MDP;holdout MAE 0.000165326 vs train-mean baseline MAE 0.002418188;not observed policy outcome,offline_replay_value_model_not_policy_outcome,public_proxy,model_based_rl;offline_value_model;planner_targeting;uwm_livability;evidence_gate;trajectory_dataset,bounded_support
uwm_offline_world_model_policy_admin_livability_spatial_graph_proxy,UWM offline action-conditioned world-model policy trained on spatial Graph-MDP replay,planning_sample,data/uwm_public_proxy/chongqing_central/model_based_rl_graph_search_2026_07_05/uwm_offline_world_model_policy_admin_livability_spatial_graph_proxy.json,available,Chongqing central bbox intersecting township and street candidate units,2026-07-05,offline_world_model_policy_report_json,EPSG:4326,GHSL_GEE_OSM_ODbL_plus_local_admin_terms_pending_plus_local_admin_terms_pending,ridge action-conditioned reward and dynamics model trained on 355 simulator replay transitions from spatial Graph-MDP;holdout reward MAE 0.000165324 vs train-mean baseline MAE 0.002418188;conservative learned policy replay mean reward 0.009041181 vs static heuristic 0.007839757;not observed policy outcome,offline_world_model_policy_replay_not_policy_outcome,public_proxy,model_based_rl;offline_world_model;policy_improvement;planner_targeting;uwm_livability;evidence_gate;trajectory_dataset,bounded_support
uwm_offline_world_model_rollout_planner_admin_livability_spatial_graph_proxy,UWM multi-step learned world-model rollout planner trained on spatial Graph-MDP replay,planning_sample,data/uwm_public_proxy/chongqing_central/model_based_rl_graph_search_2026_07_05/uwm_offline_world_model_rollout_planner_admin_livability_spatial_graph_proxy.json,available,Chongqing central bbox intersecting township and street candidate units,2026-07-05,offline_world_model_rollout_planner_report_json,EPSG:4326,GHSL_GEE_OSM_ODbL_plus_local_admin_terms_pending_plus_local_admin_terms_pending,action-conditioned reward and dynamics model trained on 355 simulator replay transitions;holdout reward MAE 0.000165324 vs train-mean baseline MAE 0.002418188;multi-step learned rollout selected increase_green_infrastructure-江北区|观音桥街道|653 then add_community_service-九龙坡区|谢家湾街道|785;imagined conservative score 0.011528613 vs static 0.00124898 and one-step learned policy 0.002012933;not observed policy outcome,learned_world_model_rollout_replay_not_policy_outcome,public_proxy,model_based_rl;offline_world_model;learned_rollout_planner;policy_improvement;planner_targeting;uwm_livability;evidence_gate;trajectory_dataset,bounded_support
uwm_graph_aware_world_model_admin_livability_spatial_graph_proxy,UWM graph-aware action-conditioned world model trained on spatial Graph-MDP replay,planning_sample,data/uwm_public_proxy/chongqing_central/model_based_rl_graph_search_2026_07_05/uwm_graph_aware_world_model_admin_livability_spatial_graph_proxy.json,available,Chongqing central bbox intersecting township and street candidate units,2026-07-05,graph_aware_world_model_report_json,EPSG:4326,GHSL_GEE_OSM_ODbL_plus_local_admin_terms_pending_plus_local_admin_terms_pending,graph-aware ridge action-conditioned reward and dynamics model trained on 355 spatial Graph-MDP replay transitions using 36 nodes and 96 admin adjacency edges;holdout reward MAE 0.000103937 vs target-only baseline 0.000844982 and train-mean baseline 0.002418188;reward win rate vs target-only 0.957746479;not observed policy outcome,graph_aware_replay_world_model_not_policy_outcome,public_proxy,model_based_rl;offline_world_model;graph_aware_dynamics;spatial_adjacency_graph;policy_improvement;planner_targeting;uwm_livability;evidence_gate;trajectory_dataset,bounded_support
uwm_synthetic_policy_outcome_benchmark_admin_livability_spatial_graph,UWM synthetic policy outcome benchmark for spatial Graph-MDP policies,synthetic,data/uwm_public_proxy/chongqing_central/model_based_rl_graph_search_2026_07_05/uwm_synthetic_policy_outcome_benchmark_admin_livability_spatial_graph.json,available,Chongqing central bbox intersecting township and street candidate units,2026-07-05,synthetic_policy_outcome_benchmark_json,EPSG:4326,internal_UWM_simulator_synthesis_from_spatial_Graph_MDP_state,simulator-generated policy outcomes for static heuristic graph-search best and learned rollout policies;learned rollout synthetic reward 0.006346806 vs static -0.004560243;advantage 0.010907049;not observed intervention data,synthetic_policy_outcome_not_observed,synthetic,policy_outcome_scaffold;offline_policy_evaluation;model_based_rl;synthetic_holdout_scaffold;planner_targeting;uwm_livability,exploratory_only
uwm_livability_intervention_package_admin_livability_spatial_graph,UWM evidence-gated livability intervention package from learned world-model rollouts,synthetic,data/uwm_public_proxy/chongqing_central/model_based_rl_graph_search_2026_07_05/uwm_livability_intervention_package_admin_livability_spatial_graph.json,available,Chongqing central bbox intersecting township and street candidate units,2026-07-05,livability_intervention_package_json,EPSG:4326,internal_UWM_synthesis_from_spatial_Graph_MDP_and_TAP_like_PM25_scaffold,business-theory aligned package generated from spatial Graph-MDP learned rollout synthetic policy outcome scaffold and TAP-like PM25 v2;contains low-livability unit identification mechanism explanations intervention suitability multi-step plan before-after indicator deltas equity conclusion and evidence boundary;supported proxy claim business_theory_aligned_learned_rollout_beats_static_proxy_baseline;not observed intervention data,business_theory_aligned_intervention_package_not_observed_policy_outcome,synthetic,livability_intervention_package;planner_output;model_based_rl;offline_world_model;policy_outcome_scaffold;synthetic_holdout_scaffold;uwm_livability;evidence_gate,exploratory_only
uwm_data_foundation_evidence_gate_2026_07_05,UWM data-foundation evidence gate using prepared real proxy fitted and synthetic artifacts,planning_sample,data/uwm_public_proxy/chongqing_central/data_foundation_evidence_gate_2026_07_05/uwm_data_foundation_evidence_gate.json,available,UWM Chongqing prepared data foundation,2026-07-05,evidence_gate_report_json,mixed,manifest_terms_plus_source_asset_terms,evidence gate over 62 prepared data-foundation rows and actual artifacts;uses OpenAQ observed temporal holdout 600 observations and 180 holdout points with 150 wins over static train mean plus local planning inventory admin graph learned rollout and livability intervention package;observed state prediction superiority true but observed policy outcome superiority false,observed_state_prediction_bounded_policy_outcome_blocked,public_proxy,data_foundation;evidence_gate;state_dynamics_validation;model_based_rl;uwm_livability;claim_boundary,bounded_support
chap_pm25_monthly_1km_2024_07_proxy,CHAP ChinaHighPM2.5 monthly 1km PM2.5 proxy for UWM 2024-07 scene,public,data/uwm_public_proxy/chongqing_central/chap_pm25_2024_07/snapshot_manifest.json;source_doi=https://doi.org/10.5281/zenodo.10472665,available,Chongqing central livability candidate admin representative points plus China source grid,2024-07,admin_representative_point_nearest_grid_cell_panel;netcdf_grid,EPSG:4326,CC_BY_4_0,downloaded CHAP PM25 M1K 202407 V4 NetCDF from Zenodo record 15208529 on 2026-07-05;sampled 36 of 36 candidate admin units;valid PM25 36;mean 16.433 ugm3;AI fused gridded product not station observation,ai_fused_gridded_product_not_station_observation,public_proxy,air_pollution_exposure;uwm_air;admin_environment_context;planner_targeting;state_dynamics_validation,bounded_support
noaa_isd_chongqing_weather_observation_2024_07,NOAA ISD observed weather for Chongqing Jiangbei station 2024-07 scene,public,data/uwm_public_proxy/chongqing_central/noaa_isd_weather_2024_07_01_07/snapshot_manifest.json;source=https://www.ncei.noaa.gov/pub/data/noaa/2024/575160-99999-2024.gz,available,Chongqing Jiangbei station 575160-99999 and mixed FM-12 FM-15 reports,2024-07-01_to_2024-07-07,station_timeseries_json;raw_isd_gzip,EPSG:4326,NOAA_public_domain,downloaded NOAA ISD 575160-99999-2024.gz and isd-history.csv on 2026-07-05;station metadata JIANGBEI ZUCK;parsed 224 scene-window records with 224 temperature 56 pressure and 224 wind observations,observed_station_weather_holdout_ready,public_proxy,meteorology;observed_weather_holdout;simulator_context;mmfe_alignment;state_dynamics_validation,bounded_support
tap_pm25_china_access_pending,TAP Tracking Air Pollution in China PM2.5 account access pending,restricted_expected,http://tapdata.org.cn/,registration_pending_user_account_under_review,China including Chongqing if account approved,expected 2024 and historical depending on TAP access,gridded_or_station_product_pending,unknown,TAP_terms_pending,user has applied for TAP account on 2026-07-05 and approval is expected to take about 2 days;no TAP data downloaded yet;must not be treated as available evidence,access_pending_not_downloaded,restricted_expected,air_pollution_exposure;tap_candidate;acquisition_queue,not_for_claim
semi_synthetic_air_quality_scene_2024_07,UWM semi-synthetic scene-aligned PM2.5 panel for stress tests,synthetic,data/uwm_public_proxy/chongqing_central/semi_synthetic_air_quality_scene_2024_07_01_07/uwm_semi_synthetic_air_quality_scene.json,available,Chongqing central livability candidate admin units,2024-07-01_to_2024-07-07,admin_hourly_pm25_panel_json,EPSG:4326,CAMS_GEE_terms_plus_OpenAQ_terms_plus_internal_synthesis,generated 6048 admin-hour PM25 records from 36 GEE CAMS zonal admin bases and OpenAQ 2018 observed PM25 hourly anomaly pattern because OpenAQ 2024 scene attempt returned 0 measurements;not observed holdout,semi_synthetic_scene_air_quality_not_observed_holdout,semi_synthetic,air_pollution_exposure;synthetic_holdout_scaffold;simulator_stress;state_dynamics_validation;uwm_air,exploratory_only
tap_like_pm25_scene_v2_2024_07,UWM TAP-like CHAP-anchored semi-synthetic PM2.5 scene v2,synthetic,data/uwm_public_proxy/chongqing_central/tap_like_pm25_scene_v2_2024_07_01_07/snapshot_manifest.json;scene=data/uwm_public_proxy/chongqing_central/tap_like_pm25_scene_v2_2024_07_01_07/uwm_tap_like_pm25_scene_v2.json,available,Chongqing central livability candidate admin units,2024-07-01_to_2024-07-07,admin_hourly_pm25_panel_json,EPSG:4326,CHAP_CC_BY_4_0_plus_OpenMeteo_terms_plus_OpenAQ_terms_plus_NOAA_public_domain_plus_GEE_terms_plus_internal_synthesis,generated 6048 admin-hour PM25 records from 36 CHAP-anchored admin monthly PM25 values plus Open-Meteo 2024 hourly shape NOAA ISD weather adjustment OpenAQ historical PM25 anomaly pattern and optional GEE CAMS zonal context;CHAP anchor max abs error 0.0 ugm3;mean PM25 16.433 ugm3;not TAP data and not observed holdout,tap_like_pm25_scene_not_observed_holdout,semi_synthetic,air_pollution_exposure;tap_like_scaffold;synthetic_holdout_scaffold;simulator_stress;state_dynamics_validation;uwm_air;planner_targeting,exploratory_only
synthetic_air_quality_placeholder,Synthetic air quality placeholder for UWM smoke tests,synthetic,generated_by_future_uwm_fixture,planned,Chongqing central urban area,2024,grid,EPSG:4490,internal_only,seeded generator planned,smoke_only,synthetic,uwm_air;simulator_smoke,exploratory_only
chongqing_unicom_commuting_2023_local,Chongqing China Unicom work-home commuting mobile signaling table,restricted_local,data/uwm_public_proxy/chongqing_central/local_planning_zip_audit_2026_07_05/snapshot_manifest.json;source_csv=.tmp/twm_standard_1128/自然资源一张图数据库标准1128/规划院提供数据样例及Demo系统功能演示建议/01数据样例/11中国联通手机信令数据/现状职住通勤数据_202305.csv,available,Chongqing grid IDs without geometry dictionary,2023-05,od_grid_table,grid_id_unknown,restricted_sample,local planning zip re-audit 2026-07-05;2120 rows;259 unique home grids;697 unique work grids;expanded population sum 29634.79665;693 rows use work grid 0 whose meaning is unverified;normalized proxy and OD CSV generated,usable_real_grid_geometry_missing,real,mobility_activity;commuting_od;population_vulnerability;simulator_context;planner_targeting;mmfe_alignment,fragile
baidu_search_index_2023_local,Chengdu-Chongqing ring Baidu search-index city-pair flows 2023,restricted_local,data/uwm_public_proxy/chongqing_central/local_planning_zip_audit_2026_07_05/snapshot_manifest.json;source_gdb=.tmp/twm_standard_1128/自然资源一张图数据库标准1128/规划院提供数据样例及Demo系统功能演示建议/01数据样例/12成渝环渝百度搜索指数/成渝环渝百度搜索指数.gdb,available,Chengdu-Chongqing and surrounding intercity flows,2023,multilinestring_city_pair_flow,EPSG:4490,restricted_sample,local planning zip re-audit 2026-07-05;FileGDB layer 成渝环渝百度搜索指数_2023 has 325 MultiLineString flows;26 origin cities;26 destination cities;total search index 8694518;top flow Chongqing to Chengdu 235299;normalized proxy and flow CSV generated,real_search_interest_not_trip_or_policy_outcome,real,mobility_activity;urban_activity_proxy;simulator_context;planner_targeting;mmfe_alignment,fragile
chongqing_historic_districts_local,Chongqing central historic-cultural district polygons,restricted_local,data/uwm_public_proxy/chongqing_central/local_planning_zip_audit_2026_07_05/uwm_local_planning_zip_inventory.csv;source_shp=.tmp/twm_standard_1128/自然资源一张图数据库标准1128/规划院提供数据样例及Demo系统功能演示建议/01数据样例/05重庆市中心城区历史文化街区数据/中心城区历史文化街区数据.shp,available,Chongqing central urban historic-cultural districts,source_vintage_unverified,polygon_z,EPSG:4490,restricted_sample,local planning zip re-audit 2026-07-05 with pyogrio;20 Polygon Z features;fields include Jqmc Fwlx Xzqmc Fwmj Bhbkydwwsl Bhlsjzsl;bounds 106.379879145 29.558008447 106.595327123 29.877271985,usable_real_cultural_heritage_context,real,urban_form;cultural_heritage;service_accessibility;livability_context;renderer;planner_targeting,fragile
bishan_land_use_dltb_local,Bishan district current land-use DLTB polygons from planning sample,planning_sample,data/uwm_public_proxy/chongqing_central/local_planning_zip_audit_2026_07_05/uwm_local_planning_zip_inventory.csv;source_gdb=.tmp/twm_standard_1128/自然资源一张图数据库标准1128/规划院提供数据样例及Demo系统功能演示建议/01数据样例/07规划编制相关数据/区县/现状用地数据/GDB.gdb,available,Bishan district sample,source_vintage_unverified,multipolygon,EPSG:4610,source_terms_pending,local planning zip re-audit 2026-07-05 with pyogrio;FileGDB layer DLTB has 101657 MultiPolygon features;fields BSM YSDM DLBM DLMC QSDWDM QSDWMC ZLDWDM ZLDWMC TBMJ;one-district planning context not citywide livability outcome,usable_one_district_land_use_context_not_chongqing_wide,real,land_use_context;urban_form;planning_constraints;simulator_context;baseline,fragile
bishan_admin_cadastral_boundary_local,Bishan administrative and cadastral boundary FileGDB layers,planning_sample,data/uwm_public_proxy/chongqing_central/local_planning_zip_audit_2026_07_05/uwm_local_planning_zip_inventory.csv;source_gdb=.tmp/twm_standard_1128/自然资源一张图数据库标准1128/规划院提供数据样例及Demo系统功能演示建议/01数据样例/07规划编制相关数据/区县/其他资料/境界与政区.gdb/境界与政区.gdb,available,Bishan district sample,source_vintage_unverified,multipolygon_layers,EPSG:4523_compound_CGCS2000_YellowSea1985,source_terms_pending,local planning zip re-audit 2026-07-05 with pyogrio;CJDCQ layer has 1488 MultiPolygon features and XZQ layer has 15 MultiPolygon features;outer wrapper GDB directory itself is not a datasource but nested GDB is readable,usable_local_boundary_context_not_modern_citywide,real,administrative_units;land_use_context;planning_constraints;baseline,fragile
bishan_land_development_ledger_2019_local,Bishan 2019 land-development permit acquisition and supply ledgers,planning_sample,data/uwm_public_proxy/chongqing_central/local_planning_zip_audit_2026_07_05/uwm_local_planning_zip_inventory.csv;source_dir=.tmp/twm_standard_1128/自然资源一张图数据库标准1128/规划院提供数据样例及Demo系统功能演示建议/01数据样例/07规划编制相关数据/区县/用地态势数据/附件,available,Bishan district tabular planning ledgers,2019,workbook_collection,tabular,source_terms_pending,local planning zip re-audit 2026-07-05 after installing xlrd;建设用地规划许可证台账 313 worksheet rows;征地台账 239 and 119 worksheet rows;建设用地出让划拨台账 767 worksheet rows;1438 nonempty worksheet rows including headers and title rows,tabular_planning_context_not_spatial_outcome,real,land_development_pressure;planning_context;planner_constraints;simulator_context,fragile
fulu_village_planning_database_local,Fulu town Heping and Banzhu village planning database layers and tables,planning_sample,data/uwm_public_proxy/chongqing_central/local_planning_zip_audit_2026_07_05/uwm_local_planning_zip_inventory.csv;source_dir=.tmp/twm_standard_1128/自然资源一张图数据库标准1128/规划院提供数据样例及Demo系统功能演示建议/01数据样例/07规划编制相关数据/村规划,available,Bishan Fulu town Heping and Banzhu villages,planning_outputs_source_vintage_mixed,mixed_vector_collection_and_workbooks,mixed_CGCS2000_GK_zone_35_EPSG4523,source_terms_pending,local planning zip re-audit 2026-07-05;village planning vector collection has 31 shapefiles and 8050 total features across planning boundary land-use current/planned line/polygon and control layers;related planning workbooks and PDFs also present,usable_village_planning_context_not_citywide,real,planning_constraints;land_use_context;village_livability_context;simulator_context,fragile
clcd_classification_dictionary_local,CLCD classification dictionary from planning sample,planning_sample,data/uwm_public_proxy/chongqing_central/local_planning_zip_audit_2026_07_05/uwm_local_planning_zip_inventory.csv;source_xlsx=.tmp/twm_standard_1128/自然资源一张图数据库标准1128/规划院提供数据样例及Demo系统功能演示建议/01数据样例/03重庆市遥感影像解译数据2020年/CLCD_Classification System_学研录.xlsx,available,Chongqing CLCD 2020 class dictionary,2020,classification_table,not_spatial,source_terms_pending,local planning zip re-audit 2026-07-05;classification workbook has 9 land-cover classes Cropland Forest Shrub Grassland Water Snow/Ice Barren Impervious Wetland with RGB colors;supports CLCD raster interpretation,usable_metadata_for_clcd_state,real,remote_sensing_state;renderer;baseline_context,fragile
uwm_fitted_admin_population_downscaling_2021,UWM fitted admin population downscaling from district totals and GHSL weights,synthetic,data/uwm_public_proxy/chongqing_central/fitted_gap_filling_2026_07_05/population_downscaling_proxy.json;local_snapshot=data/uwm_public_proxy/chongqing_central/fitted_gap_filling_2026_07_05/snapshot_manifest.json,available,Chongqing township and street admin units plus explicit district fallback rows,2021_population_total_with_2020_GHSL_weight_proxy,admin_tabular_panel,EPSG:4326,local_planning_sample_terms_pending_plus_GHSL_CC_BY_4_0,generated on 2026-07-05 from real local district resident population totals and GHSL admin zonal weights;852 fitted rows;32900800 population input equals output;845 GHSL-weighted admin rows and 7 explicit district fallback rows;not census microdata,fitted_total_preserving_population_proxy_not_census,fitted_proxy,population_vulnerability;equity_evaluation;simulator_context;planner_targeting;mmfe_alignment,exploratory_only
uwm_unicom_latent_mobility_graph_2023,UWM fitted latent mobility graph from Unicom work-home OD,synthetic,data/uwm_public_proxy/chongqing_central/fitted_gap_filling_2026_07_05/unicom_latent_mobility_graph.json;local_snapshot=data/uwm_public_proxy/chongqing_central/fitted_gap_filling_2026_07_05/snapshot_manifest.json,available,Chongqing Unicom grid IDs without geometry dictionary,2023-05,directed_weighted_graph_without_geometry,grid_id_unknown,restricted_sample_terms_pending,generated on 2026-07-05 by aggregating real local Unicom OD rows into 1067 directed edges and 756 nodes;total expanded population 29634.796667;work_grid 0 weight 12933.005191;grid geometry dictionary missing,latent_mobility_graph_no_geometry_not_travel_time,fitted_proxy,mobility_activity;commuting_od;simulator_context;planner_targeting;mmfe_alignment,exploratory_only
tap_pm25_observed_gridded_chongqing_2018_2024,TAP observed gridded PM2.5 for Chongqing 2018 and 2024 windows,public,data/uwm_public_proxy/chongqing_central/tap_pm25_observed_gridded_2026_07_06/snapshot_manifest.json;source_root=/Users/zhouning/Downloads/tap_uwm,available,Chongqing municipality and surrounding TAP tile bbox,2018-10-17_to_2018-10-23;2024-07-01_to_2024-07-07;2024-07_species_month,gridded_csv_zip_summary;temporal_benchmark_json,EPSG:4326,TAP_noncommercial_terms_no_redistribution,local TAP package parsed on 2026-07-06;1km PM25 grid tiles join cleanly to lonlat tiles by GridID;10km PM25 species package parsed;temporal benchmark generated with strict no-policy-outcome claim boundary,tap_gridded_fusion_product_not_station_or_policy_outcome,public_proxy,air_pollution_exposure;uwm_air;state_dynamics_validation;mmfe_alignment;evidence_gate,bounded_support
tap_pm25_external_spatiotemporal_dynamics_chongqing_2018_2024,TAP external spatiotemporal PM2.5 dynamics holdout for UWM,public,data/uwm_public_proxy/chongqing_central/tap_pm25_external_dynamics_2026_07_06/snapshot_manifest.json;source_root=/Users/zhouning/Downloads/tap_uwm,available,Chongqing municipality and surrounding TAP tile bbox,2018-10-17_to_2018-10-23;2024-07-01_to_2024-07-07,external_dynamics_report_json,EPSG:4326,TAP_noncommercial_terms_no_redistribution,local TAP package externally benchmarked on 2026-07-06;10000 grid series and 40000 holdout points;spatial ridge MAE 16.653886 vs adaptive online dynamic MAE 7.011689 and static train mean MAE 9.309192;neighbor shuffle control worse but non-spatial feature ablation not worse;future leakage guard passed;no spatial dynamics advantage claim supported,external_dynamics_no_claim_supported,public_proxy,air_pollution_exposure;uwm_air;state_dynamics_validation;evidence_gate;world_model_transition_gate,not_for_claim
