source_index,sub_index,source_reference,source_section,checkpoint_core_scope,key,entry_type,title,authors,year,venue,doi,arxiv,best_url,pdf_url,access_status,publisher,volume,number,pages,note,local_bib_key,local_bib_source,attachment_path,attachment_sha256,download_status,download_error
1,1,"Sutton, R. S. 1991. Dyna, an integrated architecture for learning, planning, and reacting.",1. 世界模型与 model-based RL 主线,True,sutton1991dyna,article,"Dyna, an integrated architecture for learning, planning, and reacting","Sutton, Richard S.",1991,ACM SIGART Bulletin,10.1145/122344.122377,,https://doi.org/10.1145/122344.122377,http://incompleteideas.net/papers/sutton-91-dyna.pdf,open_pdf_known,,2,4,160--163,,,,,,not_attempted,
2,1,"Ha, D. and Schmidhuber, J. 2018. World Models.",1. 世界模型与 model-based RL 主线,True,ha2018worldmodels,inproceedings,Recurrent world models facilitate policy evolution,"Ha, David; Schmidhuber, J{\""u}rgen",2018,Advances in Neural Information Processing Systems,,,https://worldmodels.github.io/,https://worldmodels.github.io/assets/world_models.pdf,open_pdf_known,,31,,,,ha2018world,/Users/zhouning/arcgis-farmland-mpc/paper/references_v6.bib,,,not_attempted,
3,1,"Hafner, D. et al. 2019. Learning Latent Dynamics for Planning from Pixels, PlaNet.",1. 世界模型与 model-based RL 主线,True,hafner2019planet,inproceedings,Learning latent dynamics for planning from pixels,"Hafner, Danijar; Lillicrap, Timothy; Fischer, Ian; Villegas, Ruben; Ha, David; others",2019,International Conference on Machine Learning,,,https://proceedings.mlr.press/v97/hafner19a.html,https://proceedings.mlr.press/v97/hafner19a/hafner19a.pdf,open_pdf_known,,97,,2555--2565,,hafner2019learning,/Users/zhouning/arcgis-farmland-mpc/paper/references_v6.bib,/Users/zhouning/Zotero/storage/TWM_AUTHORITATIVE_REFERENCES/Hafner_2019_hafner2019planet.pdf,1c3aee51ab99649e970815a7f8bccae8c7711addbfc8d50c4853a0d2e742f26a,already_exists,
4,1,"Hafner, D. et al. 2020. Dream to Control: Learning Behaviors by Latent Imagination, Dreamer.",1. 世界模型与 model-based RL 主线,True,hafner2020dreamer,inproceedings,Dream to Control: Learning Behaviors by Latent Imagination,"Hafner, Danijar; Lillicrap, Timothy; Ba, Jimmy; Norouzi, Mohammad",2020,International Conference on Learning Representations,,,https://openreview.net/forum?id=S1lOTC4tDS,https://openreview.net/pdf?id=S1lOTC4tDS,open_pdf_known,,,,,,,,/Users/zhouning/Zotero/storage/TWM_AUTHORITATIVE_REFERENCES/Hafner_2020_hafner2020dreamer.pdf,49670ea7eff8352541c549e3d9378ed8d19786ea6df7d3c9a15003b9c5ee9701,already_exists,
5,1,"Schrittwieser, J. et al. 2020. Mastering Atari, Go, Chess and Shogi by Planning with a Learned Model, MuZero.",1. 世界模型与 model-based RL 主线,True,schrittwieser2020muzero,article,"Mastering Atari, Go, chess and shogi by planning with a learned model","Schrittwieser, Julian; Antonoglou, Ioannis; Hubert, Thomas; Simonyan, Karen; Sifre, Laurent; Schmitt, Simon; Guez, Arthur; Lockhart, Edward; Hassabis, Demis; Graepel, Thore; Lillicrap, Timothy; Silver, David",2020,Nature,10.1038/s41586-020-03051-4,,https://doi.org/10.1038/s41586-020-03051-4,,metadata_only_paywalled_or_no_stable_open_pdf,,588,7839,604--609,,schrittwieser2020muzero,/Users/zhouning/arcgis-farmland-mpc/paper/references_v6.bib,,,not_attempted,
6,1,"Chua, K. et al. 2018. Deep Reinforcement Learning in a Handful of Trials using Probabilistic Dynamics Models, PETS.",1. 世界模型与 model-based RL 主线,True,chua2018pets,inproceedings,Deep reinforcement learning in a handful of trials using probabilistic dynamics models,"Chua, Kurtland; Calandra, Roberto; McAllister, Rowan; Levine, Sergey",2018,Advances in Neural Information Processing Systems,,,https://papers.nips.cc/paper/2018/hash/3de568f8597b94bda53149c7d7f5958c-Abstract.html,https://proceedings.neurips.cc/paper_files/paper/2018/file/3de568f8597b94bda53149c7d7f5958c-Paper.pdf,open_pdf_known,,31,,,,chua2018deep,/Users/zhouning/arcgis-farmland-mpc/paper/references_v6.bib,,,not_attempted,
7,1,"Janner, M. et al. 2019. When to Trust Your Model: Model-Based Policy Optimization.",1. 世界模型与 model-based RL 主线,True,janner2019mbpo,inproceedings,When to trust your model: Model-based policy optimization,"Janner, Michael; Fu, Justin; Zhang, Marvin; Levine, Sergey",2019,Advances in Neural Information Processing Systems,,,https://papers.nips.cc/paper/2019/hash/5faf461eff3099671ad63c6f3f094f7f-Abstract.html,https://proceedings.neurips.cc/paper_files/paper/2019/file/5faf461eff3099671ad63c6f3f094f7f-Paper.pdf,open_pdf_known,,32,,,,janner2019trust,/Users/zhouning/arcgis-farmland-mpc/paper/references_v6.bib,,,not_attempted,
8,1,"Hansen, N. et al. 2022/2024. TD-MPC / TD-MPC2.",1. 世界模型与 model-based RL 主线,True,hansen2022tdmpc,inproceedings,Temporal Difference Learning for Model Predictive Control,"Hansen, Nicklas; Wang, Xiaolong; Su, Hao",2022,International Conference on Machine Learning,,,https://proceedings.mlr.press/v162/hansen22a.html,https://proceedings.mlr.press/v162/hansen22a/hansen22a.pdf,open_pdf_known,,,,,Represents TD-MPC in the source row 'TD-MPC / TD-MPC2'.,,,,,not_attempted,
8,2,"Hansen, N. et al. 2022/2024. TD-MPC / TD-MPC2.",1. 世界模型与 model-based RL 主线,True,hansen2024tdmpc2,inproceedings,"TD-MPC2: Scalable, robust world models for continuous control","Hansen, Nicklas; Su, Hao; Wang, Xiaolong",2024,International Conference on Learning Representations (ICLR),,,https://openreview.net/forum?id=Oxh5CstDJU,https://openreview.net/pdf?id=Oxh5CstDJU,open_pdf_known,,,,,Represents TD-MPC2 in the source row 'TD-MPC / TD-MPC2'.,hansen2024tdmpc2,/Users/zhouning/arcgis-farmland-mpc/paper/references_v6.bib,/Users/zhouning/Zotero/storage/TWM_AUTHORITATIVE_REFERENCES/Hansen_2024_hansen2024tdmpc2.pdf,7561e4fff1f43673a901efa18afd59698be2313827c38e64213e3fe8a00ab874,already_exists,
9,1,"Camacho, E. F. and Bordons, C. Model Predictive Control.",2. MPC、规划和 constrained decision making,True,camacho2013mpc,book,Model Predictive Control,"Camacho, Eduardo F.; Bordons, Carlos",2013,Springer,10.1007/978-0-85729-398-5,,https://doi.org/10.1007/978-0-85729-398-5,,metadata_only_book,Springer,,,,,,,,,not_attempted,
10,1,"Rawlings, J. B. et al. Model Predictive Control: Theory, Computation, and Design.",2. MPC、规划和 constrained decision making,True,rawlings2017mpc,book,"Model Predictive Control: Theory, Computation, and Design","Rawlings, James B.; Mayne, David Q.; Diehl, Moritz M.",2017,Nob Hill Publishing,,,https://sites.engineering.ucsb.edu/~jbraw/mpc/,,metadata_only_book,Nob Hill Publishing,,,,,rawlings2017model_predictive_control,/Users/zhouning/paper10-geojepa-mpc-farmland-layout/references/paper10_verified_references_2026-06-09.bib,,,not_attempted,
11,1,"Williams, G. et al. 2017. Information Theoretic MPC / Model Predictive Path Integral Control.",2. MPC、规划和 constrained decision making,True,williams2017mppi,article,Model predictive path integral control: From theory to parallel computation,"Williams, Grady; Drews, Paul; Goldfain, Brian; Rehg, James M.; Theodorou, Evangelos A.",2017,"Journal of Guidance, Control, and Dynamics",10.2514/1.G001921,,https://doi.org/10.2514/1.G001921,,metadata_only_paywalled_or_no_stable_open_pdf,,40,2,344--357,,williams2017model,/Users/zhouning/arcgis-farmland-mpc/paper/references_v6.bib,,,not_attempted,
12,1,"Amos, B. and Kolter, J. Z. 2017. OptNet.",2. MPC、规划和 constrained decision making,True,amos2017optnet,inproceedings,OptNet: Differentiable Optimization as a Layer in Neural Networks,"Amos, Brandon; Kolter, J. Zico",2017,Proceedings of the 34th International Conference on Machine Learning,,,https://proceedings.mlr.press/v70/amos17a.html,https://proceedings.mlr.press/v70/amos17a/amos17a.pdf,open_pdf_known,,70,,136--145,,,,/Users/zhouning/Zotero/storage/TWM_AUTHORITATIVE_REFERENCES/Amos_2017_amos2017optnet.pdf,0382fa97eb20c760b894320925645631ff817f94955c047d8c14b227f1791a9c,already_exists,
13,1,"Rubin, D. B. 1974. Estimating causal effects of treatments in randomized and nonrandomized studies.",3. 因果推断、反事实和 treatment-effect 校准,True,rubin1974causal,article,Estimating causal effects of treatments in randomized and nonrandomized studies,"Rubin, Donald B.",1974,Journal of Educational Psychology,10.1037/h0037350,,https://doi.org/10.1037/h0037350,,metadata_only_paywalled_or_no_stable_open_pdf,,66,5,688--701,,,,,,not_attempted,
14,1,"Rosenbaum, P. R. and Rubin, D. B. 1983. The central role of the propensity score.",3. 因果推断、反事实和 treatment-effect 校准,True,rosenbaum1983propensity,article,The central role of the propensity score in observational studies for causal effects,"Rosenbaum, Paul R.; Rubin, Donald B.",1983,Biometrika,10.1093/biomet/70.1.41,,https://doi.org/10.1093/biomet/70.1.41,,metadata_only_paywalled_or_no_stable_open_pdf,,70,1,41--55,,,,,,not_attempted,
15,1,"Pearl, J. 2009. Causality.",3. 因果推断、反事实和 treatment-effect 校准,True,pearl2009causality,book,"Causality: Models, Reasoning, and Inference","Pearl, Judea",2009,Cambridge University Press,,,https://www.cambridge.org/core/books/causality/3A9714D7B07946B52BE2D9F6FE51A5B1,,metadata_only_book,Cambridge University Press,,,,,,,,,not_attempted,
16,1,"Imbens, G. W. and Rubin, D. B. 2015. Causal Inference for Statistics, Social, and Biomedical Sciences.",3. 因果推断、反事实和 treatment-effect 校准,True,imbens2015causal,book,"Causal Inference for Statistics, Social, and Biomedical Sciences: An Introduction","Imbens, Guido W.; Rubin, Donald B.",2015,Cambridge University Press,10.1017/CBO9781139025751,,https://doi.org/10.1017/CBO9781139025751,,metadata_only_book,Cambridge University Press,,,,,,,,,not_attempted,
17,1,"Athey, S. and Imbens, G. 2016. Recursive partitioning for heterogeneous causal effects.",3. 因果推断、反事实和 treatment-effect 校准,True,athey2016recursive,article,Recursive partitioning for heterogeneous causal effects,"Athey, Susan; Imbens, Guido",2016,Proceedings of the National Academy of Sciences,10.1073/pnas.1510489113,,https://doi.org/10.1073/pnas.1510489113,https://www.pnas.org/doi/pdf/10.1073/pnas.1510489113,open_pdf_known,,113,27,7353--7360,,,,,,not_attempted,
18,1,"Wager, S. and Athey, S. 2018. Estimation and inference of heterogeneous treatment effects using random forests.",3. 因果推断、反事实和 treatment-effect 校准,True,wager2018causalforest,article,Estimation and inference of heterogeneous treatment effects using random forests,"Wager, Stefan; Athey, Susan",2018,Journal of the American Statistical Association,10.1080/01621459.2017.1319839,1510.04342,https://doi.org/10.1080/01621459.2017.1319839,https://arxiv.org/pdf/1510.04342,open_pdf_known,,113,523,1228--1242,,,,/Users/zhouning/Zotero/storage/TWM_AUTHORITATIVE_REFERENCES/Wager_2018_wager2018causalforest.pdf,4ce3bc946f2f3aae9f0d2a485e5f6632b7e5cfd94639f4b50edd6347bb219e6a,already_exists,
19,1,"Chernozhukov, V. et al. 2018. Double/debiased machine learning.",3. 因果推断、反事实和 treatment-effect 校准,True,chernozhukov2018doubleml,article,Double/debiased machine learning for treatment and structural parameters,"Chernozhukov, Victor; Chetverikov, Denis; Demirer, Mert; Duflo, Esther; Hansen, Christian; Newey, Whitney; Robins, James",2018,The Econometrics Journal,10.1111/ectj.12097,1608.00060,https://doi.org/10.1111/ectj.12097,https://arxiv.org/pdf/1608.00060,open_pdf_known,,21,1,C1--C68,,,,/Users/zhouning/Zotero/storage/TWM_AUTHORITATIVE_REFERENCES/Chernozhukov_2018_chernozhukov2018doubleml.pdf,3186133dacb9f4a31c004a00150627de1e5cf26e203d1522a25a5444c7dbdf78,already_exists,
20,1,"Battaglia, P. W. et al. 2018. Relational inductive biases, deep learning, and graph networks.",4. 图网络、关系归纳偏置与层级状态,True,battaglia2018graphnetworks,article,"Relational inductive biases, deep learning, and graph networks","Battaglia, Peter W.; Hamrick, Jessica B.; Bapst, Victor; Sanchez-Gonzalez, Alvaro; Zambaldi, Vinicius; Malinowski, Mateusz; Tacchetti, Andrea; Raposo, David; Santoro, Adam; Faulkner, Ryan; Gulcehre, Caglar; Song, Francis; Ballard, Andrew; Gilmer, Justin; Dahl, George; Vaswani, Ashish; Allen, Kelsey; Nash, Charles; Langston, Victoria; Dyer, Chris; Heess, Nicolas; Wierstra, Daan; Kohli, Pushmeet; Botvinick, Matthew; Vinyals, Oriol; Li, Yujia; Pascanu, Razvan",2018,arXiv preprint arXiv:1806.01261,,1806.01261,https://arxiv.org/abs/1806.01261,https://arxiv.org/pdf/1806.01261,open_pdf_known,,,,,,,,/Users/zhouning/Zotero/storage/TWM_AUTHORITATIVE_REFERENCES/Battaglia_2018_battaglia2018graphnetworks.pdf,3ff9931633c2fdd56cd45f1169c960b5298493f167b575ae656e0724d30257f4,already_exists,
21,1,"Kipf, T. N. and Welling, M. 2017. Semi-supervised classification with graph convolutional networks.",4. 图网络、关系归纳偏置与层级状态,True,kipf2017gcn,inproceedings,Semi-Supervised Classification with Graph Convolutional Networks,"Kipf, Thomas N.; Welling, Max",2017,International Conference on Learning Representations,,1609.02907,https://openreview.net/forum?id=SJU4ayYgl,https://openreview.net/pdf?id=SJU4ayYgl,open_pdf_known,,,,,,,,/Users/zhouning/Zotero/storage/TWM_AUTHORITATIVE_REFERENCES/Kipf_2017_kipf2017gcn.pdf,60d167f013b706681799c0c61c7aeead2e29fbb6549b64454abf0ad31a36de9f,already_exists,
22,1,"Velickovic, P. et al. 2018. Graph Attention Networks.",4. 图网络、关系归纳偏置与层级状态,True,velickovic2018gat,inproceedings,Graph Attention Networks,"Velickovic, Petar; Cucurull, Guillem; Casanova, Arantxa; Romero, Adriana; Lio, Pietro; Bengio, Yoshua",2018,International Conference on Learning Representations,,1710.10903,https://openreview.net/forum?id=rJXMpikCZ,https://openreview.net/pdf?id=rJXMpikCZ,open_pdf_known,,,,,,,,/Users/zhouning/Zotero/storage/TWM_AUTHORITATIVE_REFERENCES/Velickovic_2018_velickovic2018gat.pdf,38edb7988d7a193789be3f67a3f0ee517d2b10fc4c2126a9f7c05b904d2769af,already_exists,
23,1,"Bronstein, M. M. et al. 2017/2021. Geometric deep learning.",4. 图网络、关系归纳偏置与层级状态,True,bronstein2021geometric,article,"Geometric Deep Learning: Grids, Groups, Graphs, Geodesics, and Gauges","Bronstein, Michael M.; Bruna, Joan; Cohen, Taco; Velickovic, Petar",2021,arXiv preprint arXiv:2104.13478,,2104.13478,https://arxiv.org/abs/2104.13478,https://arxiv.org/pdf/2104.13478,open_pdf_known,,,,,,,,/Users/zhouning/Zotero/storage/TWM_AUTHORITATIVE_REFERENCES/Bronstein_2021_bronstein2021geometric.pdf,dcf8212ed37db9ac154ac975b8f9c7d36831cf56b75261679b04ab9814985fc2,already_exists,
24,1,"Sutton, R. S., Precup, D. and Singh, S. 1999. Between MDPs and semi-MDPs: options.",4. 图网络、关系归纳偏置与层级状态,True,sutton1999options,article,Between MDPs and semi-MDPs: A framework for temporal abstraction in reinforcement learning,"Sutton, Richard S.; Precup, Doina; Singh, Satinder",1999,Artificial Intelligence,10.1016/S0004-3702(99)00052-1,,https://doi.org/10.1016/S0004-3702(99)00052-1,,metadata_only_paywalled_or_no_stable_open_pdf,,112,1-2,181--211,,,,,,not_attempted,
25,1,"Dietterich, T. G. 2000. MAXQ hierarchical reinforcement learning.",4. 图网络、关系归纳偏置与层级状态,True,dietterich2000maxq,article,Hierarchical reinforcement learning with the MAXQ value function decomposition,"Dietterich, Thomas G.",2000,Journal of Artificial Intelligence Research,10.1613/jair.639,,https://doi.org/10.1613/jair.639,https://www.jair.org/index.php/jair/article/download/10266/24463,open_pdf_known,,13,,227--303,,,,,,not_attempted,
26,1,"Bacon, P. L. et al. 2017. The option-critic architecture.",4. 图网络、关系归纳偏置与层级状态,True,bacon2017optioncritic,inproceedings,The Option-Critic Architecture,"Bacon, Pierre-Luc; Harb, Jean; Precup, Doina",2017,Proceedings of the AAAI Conference on Artificial Intelligence,,,https://ojs.aaai.org/index.php/AAAI/article/view/10916,https://ojs.aaai.org/index.php/AAAI/article/download/10916/10775,open_pdf_known,,31,1,,,,,,,not_attempted,
27,1,"Lowe, R. et al. 2017. Multi-Agent Actor-Critic for Mixed Cooperative-Competitive Environments.",5. 多智能体与县域/乡镇分解,True,lowe2017maddpg,inproceedings,Multi-Agent Actor-Critic for Mixed Cooperative-Competitive Environments,"Lowe, Ryan; Wu, Yi; Tamar, Aviv; Harb, Jean; Abbeel, Pieter; Mordatch, Igor",2017,Advances in Neural Information Processing Systems,,1706.02275,https://arxiv.org/abs/1706.02275,https://arxiv.org/pdf/1706.02275,open_pdf_known,,30,,,,,,/Users/zhouning/Zotero/storage/TWM_AUTHORITATIVE_REFERENCES/Lowe_2017_lowe2017maddpg.pdf,dcbf258875023a4739a266697b3d7377dabfe10993ccef864fd5cc9373027e6e,already_exists,
28,1,"Rashid, T. et al. 2018. QMIX: Monotonic value function factorisation.",5. 多智能体与县域/乡镇分解,True,rashid2018qmix,inproceedings,QMIX: Monotonic Value Function Factorisation for Deep Multi-Agent Reinforcement Learning,"Rashid, Tabish; Samvelyan, Mikayel; Schroeder, Christian; Farquhar, Gregory; Foerster, Jakob; Whiteson, Shimon",2018,Proceedings of the 35th International Conference on Machine Learning,,,https://proceedings.mlr.press/v80/rashid18a.html,https://proceedings.mlr.press/v80/rashid18a/rashid18a.pdf,open_pdf_known,,80,,4295--4304,,,,,,not_attempted,
29,1,"Yu, C. et al. 2022. The Surprising Effectiveness of PPO in Cooperative Multi-Agent Games, MAPPO.",5. 多智能体与县域/乡镇分解,True,yu2022mappo,article,The Surprising Effectiveness of PPO in Cooperative Multi-Agent Games,"Yu, Chao; Velu, Akash; Vinitsky, Eugene; Gao, Yu; Wang, Yu; Bayen, Alexandre; Wu, Yi",2022,Advances in Neural Information Processing Systems,,2103.01955,https://arxiv.org/abs/2103.01955,https://arxiv.org/pdf/2103.01955,open_pdf_known,,35,,,,,,/Users/zhouning/Zotero/storage/TWM_AUTHORITATIVE_REFERENCES/Yu_2022_yu2022mappo.pdf,b7577e38c48e898cc93a1438c266e546091d20a75dbad8d956000a1b42ab0b97,already_exists,
30,1,"Zhang, K. et al. 2021. Multi-Agent Reinforcement Learning: A Selective Overview.",5. 多智能体与县域/乡镇分解,True,zhang2021marlselective,article,Multi-Agent Reinforcement Learning: A Selective Overview of Theories and Algorithms,"Zhang, Kaiqing; Yang, Zhuoran; Basar, Tamer",2021,Handbook of Reinforcement Learning and Control,10.1007/978-3-030-60990-0_12,1911.10635,https://doi.org/10.1007/978-3-030-60990-0_12,https://arxiv.org/pdf/1911.10635,open_pdf_known,,,,321--384,,,,/Users/zhouning/Zotero/storage/TWM_AUTHORITATIVE_REFERENCES/Zhang_2021_zhang2021marlselective.pdf,a48d8ba37a8c4042d19a877dac3284e52d911f788910bb950c14824fc6c5c4d7,already_exists,
31,1,"He, K. et al. 2022. Masked Autoencoders Are Scalable Vision Learners.",6. GeoFM、遥感 foundation model 与自监督表征,True,he2022mae,inproceedings,Masked Autoencoders Are Scalable Vision Learners,"He, Kaiming; Chen, Xinlei; Xie, Saining; Li, Yanghao; Doll{\'a}r, Piotr; Girshick, Ross",2022,IEEE/CVF Conference on Computer Vision and Pattern Recognition (CVPR),,,https://openaccess.thecvf.com/content/CVPR2022/html/He_Masked_Autoencoders_Are_Scalable_Vision_Learners_CVPR_2022_paper.html,https://openaccess.thecvf.com/content/CVPR2022/papers/He_Masked_Autoencoders_Are_Scalable_Vision_Learners_CVPR_2022_paper.pdf,open_pdf_known,,,,16000--16009,,he2022mae,/Users/zhouning/alphaearth-training-system/paper12/references.bib,/Users/zhouning/Zotero/storage/TWM_AUTHORITATIVE_REFERENCES/He_2022_he2022mae.pdf,ac0603ae154670e5ba14322ffc9ea49d7d1d35e315eeb9978e32afba7ab495fc,already_exists,
32,1,"Cong, Y. et al. 2022. SatMAE: Pre-training Transformers for Temporal and Multi-Spectral Satellite Imagery.",6. GeoFM、遥感 foundation model 与自监督表征,True,cong2022satmae,inproceedings,SatMAE: Pre-training Transformers for Temporal and Multi-Spectral Satellite Imagery,"Cong, Yezhen; Khanna, Samar; Meng, Chenlin; Liu, Patrick; Rozi, Erik; He, Yutong; Burke, Marshall; Lobell, David B.; Ermon, Stefano",2022,Advances in Neural Information Processing Systems (NeurIPS),,2207.08051,https://arxiv.org/abs/2207.08051,https://arxiv.org/pdf/2207.08051,open_pdf_known,,35,,,,cong2022satmae,/Users/zhouning/alphaearth-training-system/paper12/references.bib,/Users/zhouning/Zotero/storage/TWM_AUTHORITATIVE_REFERENCES/Cong_2022_cong2022satmae.pdf,988d3ea97d634f64b04eaa9b29ebc99bd2d7f899887d6accc2a3cd0fa25e3e97,already_exists,
33,1,"Jakubik, J. et al. 2023/2024. Prithvi-100M / Foundation Models for Generalist Geospatial AI.",6. GeoFM、遥感 foundation model 与自监督表征,True,jakubik2023prithvi,article,Foundation Models for Generalist Geospatial Artificial Intelligence,"Jakubik, Johannes; Roy, Sujit; Phillips, C. E.; Fraccaro, Paolo; Godwin, Denys; Zadrozny, Bianca; Szwarcman, Daniela; Gomes, Carlos; Nyirjesy, Gabriel; Edwards, Blair; others",2023,arXiv preprint arXiv:2310.18660,,2310.18660,https://arxiv.org/abs/2310.18660,https://arxiv.org/pdf/2310.18660,open_pdf_known,,,,,,jakubik2023prithvi,/Users/zhouning/alphaearth-training-system/paper12/references.bib,/Users/zhouning/Zotero/storage/TWM_AUTHORITATIVE_REFERENCES/Jakubik_2023_jakubik2023prithvi.pdf,8c80406ae8c8da4299e21c05a02dfa38050566f958b84a18d17689eacd51c461,already_exists,
34,1,"Reed, C. J. et al. 2023. Scale-MAE.",6. GeoFM、遥感 foundation model 与自监督表征,True,reed2023scalemae,inproceedings,Scale-MAE: A Scale-Aware Masked Autoencoder for Multiscale Geospatial Representation Learning,"Reed, Colorado J.; Gupta, Ritwik; Li, Shufan; Brockman, Sarah; Funk, Christopher; Clipp, Brian; Keutzer, Kurt; Candido, Salvatore; Uyttendaele, Matt; Darrell, Trevor",2023,IEEE/CVF International Conference on Computer Vision (ICCV),,,https://openaccess.thecvf.com/content/ICCV2023/html/Reed_Scale-MAE_A_Scale-Aware_Masked_Autoencoder_for_Multiscale_Geospatial_Representation_Learning_ICCV_2023_paper.html,https://openaccess.thecvf.com/content/ICCV2023/papers/Reed_Scale-MAE_A_Scale-Aware_Masked_Autoencoder_for_Multiscale_Geospatial_Representation_Learning_ICCV_2023_paper.pdf,open_pdf_known,,,,,,reed2023scalemae,/Users/zhouning/alphaearth-training-system/paper12/references.bib,,,not_attempted,
35,1,"Hong, D. et al. 2024. SpectralGPT.",6. GeoFM、遥感 foundation model 与自监督表征,True,hong2024spectralgpt,article,SpectralGPT: Spectral Remote Sensing Foundation Model,"Hong, Danfeng; Zhang, Bing; Li, Xuyang; Li, Yuxuan; Li, Chenyu; Yao, Jing; Yokoya, Naoto; Li, Hao; Ghamisi, Pedram; Jia, Xiuping; others",2024,IEEE Transactions on Pattern Analysis and Machine Intelligence,10.1109/TPAMI.2024.3362475,2311.07113,https://doi.org/10.1109/TPAMI.2024.3362475,https://arxiv.org/pdf/2311.07113,open_pdf_known,,,,,,hong2024spectralgpt,/Users/zhouning/alphaearth-training-system/paper12/references.bib,/Users/zhouning/Zotero/storage/TWM_AUTHORITATIVE_REFERENCES/Hong_2024_hong2024spectralgpt.pdf,db791908208b7bea8fea6a138563d1edd8fd2b421becc61b107f42d208e51698,already_exists,
36,1,"Assran, M. et al. 2023. I-JEPA.",6. GeoFM、遥感 foundation model 与自监督表征,True,assran2023ijepa,inproceedings,Self-Supervised Learning from Images with a Joint-Embedding Predictive Architecture,"Assran, Mahmoud; Duval, Quentin; Misra, Ishan; Bojanowski, Piotr; Vincent, Pascal; Rabbat, Michael; LeCun, Yann; Ballas, Nicolas",2023,Proceedings of the IEEE/CVF Conference on Computer Vision and Pattern Recognition (CVPR),10.1109/CVPR52729.2023.01499,,https://openaccess.thecvf.com/content/CVPR2023/html/Assran_Self-Supervised_Learning_From_Images_With_a_Joint-Embedding_Predictive_Architecture_CVPR_2023_paper.html,https://openaccess.thecvf.com/content/CVPR2023/papers/Assran_Self-Supervised_Learning_From_Images_With_a_Joint-Embedding_Predictive_Architecture_CVPR_2023_paper.pdf,open_pdf_known,,,,15619--15629,,assran2023ijepa,/Users/zhouning/paper10-geojepa-mpc-farmland-layout/references/paper10_verified_references_2026-06-09.bib,,,not_attempted,
37,1,"Bardes, A. et al. 2024. V-JEPA.",6. GeoFM、遥感 foundation model 与自监督表征,True,bardes2024vjepa,inproceedings,Revisiting Feature Prediction for Learning Visual Representations from Video,"Bardes, Adrien; Garrido, Quentin; Ponce, Jean; Chen, Xinlei; Rabbat, Michael; LeCun, Yann; Assran, Mahmoud; Ballas, Nicolas",2024,arXiv preprint arXiv:2404.08471,,2404.08471,https://arxiv.org/abs/2404.08471,https://arxiv.org/pdf/2404.08471,open_pdf_known,,,,,,,,/Users/zhouning/Zotero/storage/TWM_AUTHORITATIVE_REFERENCES/Bardes_2024_bardes2024vjepa.pdf,fb84f79be128e7425263e8674fbc3f2ec991575c4b5880556cfb8f5fa9fd91ba,already_exists,
38,1,"Guo, C. et al. 2017. On Calibration of Modern Neural Networks.",7. 不确定性校准、选择性预测与 evidence gate,True,guo2017calibration,inproceedings,On Calibration of Modern Neural Networks,"Guo, Chuan; Pleiss, Geoff; Sun, Yu; Weinberger, Kilian Q.",2017,Proceedings of the 34th International Conference on Machine Learning,,,https://proceedings.mlr.press/v70/guo17a.html,https://proceedings.mlr.press/v70/guo17a/guo17a.pdf,open_pdf_known,,70,,1321--1330,,,,,,not_attempted,
39,1,"Lakshminarayanan, B. et al. 2017. Simple and Scalable Predictive Uncertainty Estimation using Deep Ensembles.",7. 不确定性校准、选择性预测与 evidence gate,True,lakshminarayanan2017deepensembles,inproceedings,Simple and scalable predictive uncertainty estimation using deep ensembles,"Lakshminarayanan, Balaji; Pritzel, Alexander; Blundell, Charles",2017,Advances in Neural Information Processing Systems,,,https://papers.nips.cc/paper/2017/hash/9ef2ed4b7fd2c810847ffa5fa85bce38-Abstract.html,https://proceedings.neurips.cc/paper_files/paper/2017/file/9ef2ed4b7fd2c810847ffa5fa85bce38-Paper.pdf,open_pdf_known,,30,,,,lakshminarayanan2017simple,/Users/zhouning/arcgis-farmland-mpc/paper/references_v6.bib,,,not_attempted,
40,1,"Ovadia, Y. et al. 2019. Can You Trust Your Model's Uncertainty Under Dataset Shift?",7. 不确定性校准、选择性预测与 evidence gate,True,ovadia2019uncertaintyshift,inproceedings,Can You Trust Your Model's Uncertainty? Evaluating Predictive Uncertainty Under Dataset Shift,"Ovadia, Yaniv; Fertig, Emily; Ren, Jie; Nado, Zachary; Sculley, D.; Nowozin, Sebastian; Dillon, Joshua V.; Lakshminarayanan, Balaji; Snoek, Jasper",2019,Advances in Neural Information Processing Systems,,,https://papers.nips.cc/paper/2019/hash/8558cb408c1d76621371888657d2eb1d-Abstract.html,https://proceedings.neurips.cc/paper_files/paper/2019/file/8558cb408c1d76621371888657d2eb1d-Paper.pdf,open_pdf_known,,32,,,,,,,,not_attempted,
41,1,"Angelopoulos, A. N. and Bates, S. 2021. A Gentle Introduction to Conformal Prediction.",7. 不确定性校准、选择性预测与 evidence gate,True,angelopoulos2021conformal,article,A Gentle Introduction to Conformal Prediction and Distribution-Free Uncertainty Quantification,"Angelopoulos, Anastasios N.; Bates, Stephen",2021,arXiv preprint arXiv:2107.07511,,2107.07511,https://arxiv.org/abs/2107.07511,https://arxiv.org/pdf/2107.07511,open_pdf_known,,,,,,,,/Users/zhouning/Zotero/storage/TWM_AUTHORITATIVE_REFERENCES/Angelopoulos_2021_angelopoulos2021conformal.pdf,c69aa191d8363c25b36685db4adb7e6980e55ee39892fd3626206c16e1e0efa1,already_exists,
42,1,"Geifman, Y. and El-Yaniv, R. 2017. Selective Classification for Deep Neural Networks.",7. 不确定性校准、选择性预测与 evidence gate,True,geifman2017selective,article,Selective Classification for Deep Neural Networks,"Geifman, Yonatan; El-Yaniv, Ran",2017,arXiv preprint arXiv:1705.08500,,1705.08500,https://arxiv.org/abs/1705.08500,https://arxiv.org/pdf/1705.08500,open_pdf_known,,,,,,,,,,not_attempted,
43,1,"Geifman, Y. and El-Yaniv, R. 2019. SelectiveNet.",7. 不确定性校准、选择性预测与 evidence gate,True,geifman2019selectivenet,inproceedings,SelectiveNet: A Deep Neural Network with an Integrated Reject Option,"Geifman, Yonatan; El-Yaniv, Ran",2019,Proceedings of the 36th International Conference on Machine Learning,,,https://proceedings.mlr.press/v97/geifman19a.html,https://proceedings.mlr.press/v97/geifman19a/geifman19a.pdf,open_pdf_known,,97,,2151--2159,,,,,,not_attempted,
44,1,"Mitchell, M. et al. 2019. Model Cards for Model Reporting.",7. 不确定性校准、选择性预测与 evidence gate,True,mitchell2019modelcards,inproceedings,Model Cards for Model Reporting,"Mitchell, Margaret; Wu, Simone; Zaldivar, Andrew; Barnes, Parker; Vasserman, Lucy; Hutchinson, Ben; Spitzer, Elena; Raji, Inioluwa Deborah; Gebru, Timnit",2019,"Proceedings of the Conference on Fairness, Accountability, and Transparency",10.1145/3287560.3287596,,https://doi.org/10.1145/3287560.3287596,https://dl.acm.org/doi/pdf/10.1145/3287560.3287596,open_pdf_may_require_publisher_access,,,,220--229,,,,,,not_attempted,
45,1,"Gebru, T. et al. 2021. Datasheets for Datasets.",7. 不确定性校准、选择性预测与 evidence gate,True,gebru2021datasheets,article,Datasheets for Datasets,"Gebru, Timnit; Morgenstern, Jamie; Vecchione, Briana; Vaughan, Jennifer Wortman; Wallach, Hanna; Daume III, Hal; Crawford, Kate",2021,Communications of the ACM,10.1145/3458723,1803.09010,https://doi.org/10.1145/3458723,https://arxiv.org/pdf/1803.09010,open_pdf_known,,64,12,86--92,,,,/Users/zhouning/Zotero/storage/TWM_AUTHORITATIVE_REFERENCES/Gebru_2021_gebru2021datasheets.pdf,c7f595988ee2c109631d5173fdae37ff1774c68ec17add51bd012f2a6e8792d0,already_exists,
46,1,"Wilkinson, M. D. et al. 2016. The FAIR Guiding Principles for scientific data management and stewardship.",8. Provenance、FAIR 与 GIS 可审计证据链,True,wilkinson2016fair,article,The FAIR Guiding Principles for scientific data management and stewardship,"Wilkinson, Mark D.; Dumontier, Michel; Aalbersberg, IJsbrand Jan; Appleton, Gabrielle; Axton, Myles; Baak, Arie; Blomberg, Niklas; Boiten, Jan-Willem; da Silva Santos, Luiz Bonino; Bourne, Philip E.",2016,Scientific Data,10.1038/sdata.2016.18,,https://doi.org/10.1038/sdata.2016.18,https://www.nature.com/articles/sdata201618.pdf,open_pdf_known,,3,,160018,,,,/Users/zhouning/Zotero/storage/TWM_AUTHORITATIVE_REFERENCES/Wilkinson_2016_wilkinson2016fair.pdf,cdddd9f4808f7e3e1f013139c3915ef4d7cdccb008fa947ef5f72b4c7b6ffde7,already_exists,
47,1,"W3C PROV-DM, 2013. PROV Data Model.",8. Provenance、FAIR 与 GIS 可审计证据链,False,w3c2013provdm,misc,PROV-DM: The PROV Data Model,"Moreau, Luc; Missier, Paolo",2013,W3C Recommendation,,,https://www.w3.org/TR/prov-dm/,,metadata_only_standard,,,,,,,,,,not_attempted,
48,1,"Moreau, L. et al. 2011. The Open Provenance Model core specification.",8. Provenance、FAIR 与 GIS 可审计证据链,False,moreau2011opm,article,The Open Provenance Model core specification (v1.1),"Moreau, Luc; Clifford, Ben; Freire, Juliana; Futrelle, Joe; Gil, Yolanda; Groth, Paul; Kwasnikowska, Natalia; Miles, Simon; Missier, Paolo; Myers, Jim; Plale, Beth; Simmhan, Yogesh; Stephan, Eric; Van den Bussche, Jan",2011,Future Generation Computer Systems,10.1016/j.future.2010.07.005,,https://doi.org/10.1016/j.future.2010.07.005,,metadata_only_paywalled_or_no_stable_open_pdf,,27,6,743--756,,,,,,not_attempted,
49,1,ISO 19115 Geographic information metadata.,8. Provenance、FAIR 与 GIS 可审计证据链,False,iso19115,standard,ISO 19115 Geographic information - Metadata,International Organization for Standardization,2014,ISO 19115-1:2014,,,https://www.iso.org/standard/53798.html,,metadata_only_standard,,,,,,,,,,not_attempted,
50,1,ISO 19157 Geographic information data quality.,8. Provenance、FAIR 与 GIS 可审计证据链,False,iso19157,standard,ISO 19157 Geographic information - Data quality,International Organization for Standardization,2013,ISO 19157:2013,,,https://www.iso.org/standard/32575.html,,metadata_only_standard,,,,,,,,,,not_attempted,
51,1,"Clarke, K. C., Hoppen, S. and Gaydos, L. 1997. SLEUTH urban growth model.",9. 传统土地利用变化与空间模拟：作为 baseline，不作为 TWM 主干,False,clarke1997sleuth,article,A self-modifying cellular automaton model of historical urbanization in the San Francisco Bay area,"Clarke, Keith C.; Hoppen, Stacy; Gaydos, Leonard",1997,Environment and Planning B: Planning and Design,10.1068/b240247,,https://doi.org/10.1068/b240247,,metadata_only_paywalled_or_no_stable_open_pdf,,24,2,247--261,,,,,,not_attempted,
52,1,"Verburg, P. H. et al. 2002. CLUE-S land-use change model.",9. 传统土地利用变化与空间模拟：作为 baseline，不作为 TWM 主干,False,verburg2002clues,article,Modeling the spatial dynamics of regional land use: The CLUE-S model,"Verburg, Peter H.; Soepboer, Welmoed; Veldkamp, A.; Limpiada, R.; Espaldon, V.; Mastura, S. S. A.",2002,Environmental Management,10.1007/s00267-002-2630-x,,https://doi.org/10.1007/s00267-002-2630-x,,metadata_only_paywalled_or_no_stable_open_pdf,,30,3,391--405,,,,,,not_attempted,
53,1,"Liu, X. et al. 2017. FLUS model.",9. 传统土地利用变化与空间模拟：作为 baseline，不作为 TWM 主干,False,liu2017flus,article,A future land use simulation model (FLUS) for simulating multiple land use scenarios by coupling human and natural effects,"Liu, Xiaoping; Liang, Xia; Li, Xia; Xu, Xiaocong; Ou, Jianfeng; Chen, Yong",2017,Landscape and Urban Planning,10.1016/j.landurbplan.2017.09.019,,https://doi.org/10.1016/j.landurbplan.2017.09.019,,metadata_only_paywalled_or_no_stable_open_pdf,,168,,94--116,,,,,,not_attempted,
54,1,"Liang, X. et al. 2021. PLUS patch-generating land use simulation.",9. 传统土地利用变化与空间模拟：作为 baseline，不作为 TWM 主干,False,liang2021plus,article,"Understanding the drivers of sustainable land expansion using a patch-generating land use simulation (PLUS) model: A case study in Wuhan, China","Liang, Xia; Guan, Qingfeng; Clarke, Keith C.; Liu, Sai; Wang, Bing; Yao, Yong",2021,"Computers, Environment and Urban Systems",10.1016/j.compenvurbsys.2020.101569,,https://doi.org/10.1016/j.compenvurbsys.2020.101569,,metadata_only_paywalled_or_no_stable_open_pdf,,85,,101569,,,,,,not_attempted,
